activity_group,classification,closed_pnl
High,Extreme Greed,26.658318667153495
High,Fear,25.177409302708497
High,Greed,80.90907926093061
High,Neutral,4.058758962174941
Low,Extreme Greed,-48.382749043478256
Low,Fear,139.23053296396552
Low,Greed,422.07447585569753
Low,Neutral,351.93752660053616
Medium,Fear,122.8523054210295
Medium,Greed,-44.928313241143975
